{
  "model_name": "Linear SVM",
  "accuracy": 0.869215291750503,
  "precision": 0.8633808582329332,
  "recall": 0.869215291750503,
  "f1_score": 0.8643909608961128,
  "tfidf_max_features": 5000,
  "test_size": 0.2,
  "categories": [
    "HR",
    "Other",
    "Product Manager",
    "Software Engineer",
    "UI/UX Designer"
  ],
  "train_time_seconds": 0.20724725723266602
}